Author,Name,Timestamp
ropf,"Hello, BDSA students!",1690891760
rnie,"Welcome to the course!",1690978778
rnie,"I hope you had a good summer.",1690979858
ropf,"Cheeping cheeps on Chirp :)",1690981487
edwardrostomian,"Tester",1693556911
edwardrostomian,"Tester",1693556997
thorh,"hey test 6",1693558041
thorh,"hey test 6",1693558110
thorh,"cheephey test 6",1693558144
thorh,"hey test 6",1693558184
thorh,"hey test 6",1693558334
thorh,"heytest6",1693558341
thorh,"System.Collections.ArrayList",1693733801
thorh,"System.Collections.ArrayList",1693733974
thorh,"TESTTESTER8",1693734814
thorh,"TESTTESTER 8",1693734839
thorh,"TESTTESTER 8",1693734846
thorh,"423421",1694178396
thorh,"423421",1694178528
thorh,"423421",1694178901
thorh,"42134",1694179755
thorh,"4521354213",1694179940
thorh,"treolrleoaosfdjsadf",1694507211
habr,"Very Cool",1694509059
nyrrdin,hello,1694514180
nyrrdin,hello4546657,1694526849
nyrrdin,helhk,1694527178
thorh,52315,1694772456
habr,Very cool path thingy,1694769119
thorh,trollerol,1694779984
thorh,test 15:07,1694783232
habr,Hallohallo,1695125413
habr,Hej,1695125414
habr,Skål,1695125415
habr,Hej,1695125419
habr,Hallohallo,1695125421
habr,Skål,1695125422
habr,Hallohallo,1695125589
habr,Hej,1695125590
habr,Skål,1695125591
habr,Hej,1695125595
habr,Hallohallo,1695125597
habr,Skål,1695125598
habr,Hej,1695126417
habr,Skål,1695126420
habr,Hej,1695126481
habr,Skål,1695126484
habr,Hej,1695126680
habr,Skål,1695126683
habr,Hej,1695126707
habr,Skål,1695126710
habr,Hej,1695126804
habr,Hallohallo,1695126805
habr,Skål,1695126807
habr,Hej,1695126867
habr,Hallohallo,1695126868
habr,Skaal,1695126869
habr,Message,1695126982
habr,Message,1695126984
habr,Message,1695126985
habr,"Hej med jer alle sammen, folkens",1695127138
habr,Hallohallo,1695127139
habr,Skaal med din oel aeckbert,1695127141
habr,Skaal med din oel aeckbert,1695127141
iojsfd," test tste ",1695127141
edwardrostomian,hejtest,1695384951
edwardrostomian,heeey man,1695386091
